Handle,Title,Body (HTML),Vendor,Product Category,Type,Tags,Published,Option1 Name,Option1 Value,Option1 Linked To,Option2 Name,Option2 Value,Option2 Linked To,Option3 Name,Option3 Value,Option3 Linked To,Variant SKU,Variant Grams,Variant Inventory Tracker,Variant Inventory Qty,Variant Inventory Policy,Variant Fulfillment Service,Variant Price,Variant Compare At Price,Variant Requires Shipping,Variant Taxable,Unit Price Total Measure,Unit Price Total Measure Unit,Unit Price Base Measure,Unit Price Base Measure Unit,Variant Barcode,Image Src,Image Position,Image Alt Text,Gift Card,SEO Title,SEO Description,Color (product.metafields.shopify.color-pattern),Material (product.metafields.shopify.material),Variant Image,Variant Weight Unit,Variant Tax Code,Cost per item,Status
big-back,BIG BACK,<p>The ultimate topwater lure for aggressive strikes. Built for trophy bass and snakeheads. The Big Back creates explosive surface action that triggers violent attacks. Deadly in heavy cover and open water.</p>,Beavercreek Lures,Uncategorized,Hollow body-Top Water,"bass, fishing, snakehead, topwater",true,Color,Black / No Tail,,,,,,,,BB-BLACK-14,28.0,shopify,25,deny,manual,9.99,14.99,true,true,,,,,,https://cdn.shopify.com/s/files/1/0766/6768/3004/files/Black_notail.jpg?v=1776136209,1,BIG BACK - Black / No Tail,false,Big Back - Premium Topwater Fishing Lure,Trophy-grade topwater lure for bass and snakehead. Aggressive action that triggers explosive strikes. Available in multiple deadly colors.,,,https://cdn.shopify.com/s/files/1/0766/6768/3004/files/Black_notail.jpg?v=1776136209,g,,6.00,active
big-back,,,,,,,,,Orange,,,,,,,,BB-ORANGE-14,28.0,shopify,25,deny,manual,9.99,14.99,true,true,,,,,,https://cdn.shopify.com/s/files/1/0766/6768/3004/files/Orange_efd93186-7dce-4a8e-99ff-e1334095e44e.jpg?v=1776136209,2,BIG BACK - Black / No Tail,,,,,,https://cdn.shopify.com/s/files/1/0766/6768/3004/files/Orange.jpg?v=1776136209,g,,6.00,
big-back,,,,,,,,,Red,,,,,,,,BB-RED-14,28.0,shopify,25,deny,manual,9.99,14.99,true,true,,,,,,https://cdn.shopify.com/s/files/1/0766/6768/3004/files/Orange.jpg?v=1776136209,3,BIG BACK - Black / No Tail,,,,,,https://cdn.shopify.com/s/files/1/0766/6768/3004/files/Red.jpg?v=1776136209,g,,6.00,
big-back,,,,,,,,,White,,,,,,,,BB-WHITE-14,28.0,shopify,25,deny,manual,9.99,14.99,true,true,,,,,,https://cdn.shopify.com/s/files/1/0766/6768/3004/files/Red.jpg?v=1776136209,4,BIG BACK - Black / No Tail,,,,,,https://cdn.shopify.com/s/files/1/0766/6768/3004/files/White.jpg?v=1776136209,g,,6.00,
big-back,,,,,,,,,,,,,,,,,,,,,,,,,,,,,,,,https://cdn.shopify.com/s/files/1/0766/6768/3004/files/White.jpg?v=1776136209,5,BIG BACK - Black / No Tail,,,,,,,,,,
bladed-flatliner,Bladed flatliner (weighted),<p> bladed flatline</p>,My Store,Sporting Goods > Outdoor Recreation > Fishing > Fishing Tackle > Fishing Baits & Lures > Artificial Fishing Spoons,Sub-Surface,"",true,Title,Default Title,,,,,,,,,0.0,shopify,0,deny,manual,0.00,,true,true,,,,,,https://cdn.shopify.com/s/files/1/0766/6768/3004/files/DC2A217E-A0C8-4D4C-85A0-32A643CC99D5.png?v=1776218742,1,"",false,,,,metal,,lb,,,active
bladed-flatliner,,,,,,,,,,,,,,,,,,,,,,,,,,,,,,,,https://cdn.shopify.com/s/files/1/0766/6768/3004/files/2D2A8F0F-E68D-4C1D-BA62-0E0049233318.png?v=1776218742,2,"",,,,,,,,,,
channa-chatter-bait,Channa chatter bait,"",My Store,Sporting Goods > Outdoor Recreation > Fishing > Fishing Tackle > Fishing Baits & Lures > Artificial Fishing Jigs,Sub-Surface,"",true,Title,Default Title,,,,,,,,,0.0,shopify,0,deny,manual,8.50,,true,true,,,,,,https://cdn.shopify.com/s/files/1/0766/6768/3004/files/827A40E5-4B45-44AE-A104-98FB3D91A05E.png?v=1776218926,1,"",false,,,,,,lb,,1.25,active
channa-chatter-bait,,,,,,,,,,,,,,,,,,,,,,,,,,,,,,,,https://cdn.shopify.com/s/files/1/0766/6768/3004/files/3422737F-188E-4D4F-BD87-FCF400FE9F47.png?v=1776218926,2,"",,,,,,,,,,
channa-chatter-bait,,,,,,,,,,,,,,,,,,,,,,,,,,,,,,,,https://cdn.shopify.com/s/files/1/0766/6768/3004/files/A2470B40-03A8-4B13-9C84-A615843B0252.png?v=1776218926,3,"",,,,,,,,,,
channa-chatter-bait,,,,,,,,,,,,,,,,,,,,,,,,,,,,,,,,https://cdn.shopify.com/s/files/1/0766/6768/3004/files/D38692E0-D120-48D0-84A5-E6B15EAA1317.png?v=1776218926,4,"",,,,,,,,,,
fluke-flashbang,FLUKE FLASHBANG,<p><br></p>,Beavercreek Lures,Sporting Goods > Outdoor Recreation > Fishing > Fishing Tackle > Fishing Baits & Lures > Artificial Fishing Spinners,Flounder/Bottom Fishing,"bass, fishing, fluke, plastic-baits, sub-surface",true,Color,Pink,,Weight,1/4 oz,,,,,FF-PINK-14,28.0,shopify,25,continue,manual,7.50,14.99,true,true,,,,,,https://cdn.shopify.com/s/files/1/0766/6768/3004/files/Promo_20Cover.png?v=1776307069,1,FLUKE FLASHBANG - Pink,false,FLUKE FLASHBANG - Beavercreek Lures,New lure coming soon from Beavercreek Lures.,multicolor,metal,https://cdn.shopify.com/s/files/1/0766/6768/3004/files/Pink_8be4208d-dd93-4689-9238-b61b4c87f10d.jpg?v=1776307069,g,,6.00,active
fluke-flashbang,,,,,,,,,Pink,,,3/8 oz,,,,,FF-PINK-38,28.0,shopify,25,continue,manual,7.50,14.99,true,true,,,,,,https://cdn.shopify.com/s/files/1/0766/6768/3004/files/Pink_8be4208d-dd93-4689-9238-b61b4c87f10d.jpg?v=1776307069,2,FLUKE FLASHBANG - Pink,,,,,,https://cdn.shopify.com/s/files/1/0766/6768/3004/files/Pink_8be4208d-dd93-4689-9238-b61b4c87f10d.jpg?v=1776307069,g,,6.00,
fluke-flashbang,,,,,,,,,Pink,,,1/2 oz,,,,,FF-PINK-12,28.0,shopify,25,continue,manual,7.50,14.99,true,true,,,,,,https://cdn.shopify.com/s/files/1/0766/6768/3004/files/Pink_Blue.jpg?v=1776307069,3,FLUKE FLASHBANG - Pink,,,,,,https://cdn.shopify.com/s/files/1/0766/6768/3004/files/Pink_8be4208d-dd93-4689-9238-b61b4c87f10d.jpg?v=1776307069,g,,6.00,
fluke-flashbang,,,,,,,,,Pink,,,5/8 oz,,,,,FF-PINK-58,28.0,shopify,25,continue,manual,7.50,14.99,true,true,,,,,,https://cdn.shopify.com/s/files/1/0766/6768/3004/files/Purple_white.png?v=1776136221,4,FLUKE FLASHBANG - Pink,,,,,,https://cdn.shopify.com/s/files/1/0766/6768/3004/files/Pink_8be4208d-dd93-4689-9238-b61b4c87f10d.jpg?v=1776307069,g,,6.00,
fluke-flashbang,,,,,,,,,Pink,,,3/4 oz,,,,,FF-PINK-34,28.0,shopify,25,continue,manual,7.50,14.99,true,true,,,,,,,,,,,,,,https://cdn.shopify.com/s/files/1/0766/6768/3004/files/Pink_8be4208d-dd93-4689-9238-b61b4c87f10d.jpg?v=1776307069,g,,6.00,
fluke-flashbang,,,,,,,,,Pink,,,1 oz,,,,,FF-PINK-1,28.0,shopify,25,continue,manual,7.50,14.99,true,true,,,,,,,,,,,,,,https://cdn.shopify.com/s/files/1/0766/6768/3004/files/Pink_8be4208d-dd93-4689-9238-b61b4c87f10d.jpg?v=1776307069,g,,6.00,
fluke-flashbang,,,,,,,,,Pink,,,1 1/4 oz,,,,,FF-PINK-114,28.0,shopify,25,continue,manual,7.50,14.99,true,true,,,,,,,,,,,,,,https://cdn.shopify.com/s/files/1/0766/6768/3004/files/Pink_8be4208d-dd93-4689-9238-b61b4c87f10d.jpg?v=1776307069,g,,6.00,
fluke-flashbang,,,,,,,,,Pink,,,1 3/8 oz,,,,,FF-PINK-138,28.0,shopify,25,continue,manual,7.50,14.99,true,true,,,,,,,,,,,,,,https://cdn.shopify.com/s/files/1/0766/6768/3004/files/Pink_8be4208d-dd93-4689-9238-b61b4c87f10d.jpg?v=1776307069,g,,6.00,
fluke-flashbang,,,,,,,,,Pink & Blue,,,1/4 oz,,,,,FF-PINKBLUE-14,28.0,shopify,25,continue,manual,7.50,14.99,true,true,,,,,,,,,,,,,,https://cdn.shopify.com/s/files/1/0766/6768/3004/files/Pink_Blue.jpg?v=1776307069,g,,6.00,
fluke-flashbang,,,,,,,,,Pink & Blue,,,3/8 oz,,,,,FF-PINKBLUE-38,28.0,shopify,25,continue,manual,7.50,14.99,true,true,,,,,,,,,,,,,,https://cdn.shopify.com/s/files/1/0766/6768/3004/files/Pink_Blue.jpg?v=1776307069,g,,6.00,
fluke-flashbang,,,,,,,,,Pink & Blue,,,1/2 oz,,,,,FF-PINKBLUE-12,28.0,shopify,25,continue,manual,7.50,14.99,true,true,,,,,,,,,,,,,,https://cdn.shopify.com/s/files/1/0766/6768/3004/files/Pink_Blue.jpg?v=1776307069,g,,6.00,
fluke-flashbang,,,,,,,,,Pink & Blue,,,5/8 oz,,,,,FF-PINKBLUE-58,28.0,shopify,23,continue,manual,7.50,14.99,true,true,,,,,,,,,,,,,,https://cdn.shopify.com/s/files/1/0766/6768/3004/files/Pink_Blue.jpg?v=1776307069,g,,6.00,
fluke-flashbang,,,,,,,,,Pink & Blue,,,3/4 oz,,,,,FF-PINKBLUE-34,28.0,shopify,25,continue,manual,7.50,14.99,true,true,,,,,,,,,,,,,,https://cdn.shopify.com/s/files/1/0766/6768/3004/files/Pink_Blue.jpg?v=1776307069,g,,6.00,
fluke-flashbang,,,,,,,,,Pink & Blue,,,1 oz,,,,,FF-PINKBLUE-1,28.0,shopify,25,continue,manual,7.50,14.99,true,true,,,,,,,,,,,,,,https://cdn.shopify.com/s/files/1/0766/6768/3004/files/Pink_Blue.jpg?v=1776307069,g,,6.00,
fluke-flashbang,,,,,,,,,Pink & Blue,,,1 1/4 oz,,,,,FF-PINKBLUE-114,28.0,shopify,25,continue,manual,7.50,14.99,true,true,,,,,,,,,,,,,,https://cdn.shopify.com/s/files/1/0766/6768/3004/files/Pink_Blue.jpg?v=1776307069,g,,6.00,
fluke-flashbang,,,,,,,,,Pink & Blue,,,1 3/8 oz,,,,,FF-PINKBLUE-138,28.0,shopify,0,continue,manual,7.50,14.99,true,true,,,,,,,,,,,,,,https://cdn.shopify.com/s/files/1/0766/6768/3004/files/Pink_Blue.jpg?v=1776307069,g,,6.00,
fluke-flashbang,,,,,,,,,Purple & White,,,1/4 oz,,,,,FF-PURPLEWHITE-14,28.0,shopify,0,continue,manual,12.99,14.99,true,true,,,,,,,,,,,,,,https://cdn.shopify.com/s/files/1/0766/6768/3004/files/Purple_white.png?v=1776136221,g,,6.00,
fluke-flashbang,,,,,,,,,Purple & White,,,3/8 oz,,,,,FF-PURPLEWHITE-38,28.0,shopify,0,continue,manual,12.99,14.99,true,true,,,,,,,,,,,,,,https://cdn.shopify.com/s/files/1/0766/6768/3004/files/Purple_white.png?v=1776136221,g,,6.00,
fluke-flashbang,,,,,,,,,Purple & White,,,1/2 oz,,,,,FF-PURPLEWHITE-12,28.0,shopify,0,continue,manual,12.99,14.99,true,true,,,,,,,,,,,,,,https://cdn.shopify.com/s/files/1/0766/6768/3004/files/Purple_white.png?v=1776136221,g,,6.00,
fluke-flashbang,,,,,,,,,Purple & White,,,5/8 oz,,,,,FF-PURPLEWHITE-58,28.0,shopify,25,continue,manual,12.99,14.99,true,true,,,,,,,,,,,,,,https://cdn.shopify.com/s/files/1/0766/6768/3004/files/Purple_white.png?v=1776136221,g,,6.00,
fluke-flashbang,,,,,,,,,Purple & White,,,3/4 oz,,,,,FF-PURPLEWHITE-34,28.0,shopify,5,continue,manual,12.99,14.99,true,true,,,,,,,,,,,,,,https://cdn.shopify.com/s/files/1/0766/6768/3004/files/Purple_white.png?v=1776136221,g,,6.00,
fluke-flashbang,,,,,,,,,Purple & White,,,1 oz,,,,,FF-PURPLEWHITE-1,28.0,shopify,5,continue,manual,12.99,14.99,true,true,,,,,,,,,,,,,,https://cdn.shopify.com/s/files/1/0766/6768/3004/files/Purple_white.png?v=1776136221,g,,6.00,
fluke-flashbang,,,,,,,,,Purple & White,,,1 1/4 oz,,,,,FF-PURPLEWHITE-114,28.0,shopify,25,continue,manual,12.99,14.99,true,true,,,,,,,,,,,,,,https://cdn.shopify.com/s/files/1/0766/6768/3004/files/Purple_white.png?v=1776136221,g,,6.00,
fluke-flashbang,,,,,,,,,Purple & White,,,1 3/8 oz,,,,,FF-PURPLEWHITE-138,28.0,shopify,25,continue,manual,12.99,14.99,true,true,,,,,,,,,,,,,,https://cdn.shopify.com/s/files/1/0766/6768/3004/files/Purple_white.png?v=1776136221,g,,6.00,
kill-switch,KILL SWITCH,<p>Deadly action that triggers predatory instincts. The Kill Switch features erratic movement patterns that mimic wounded prey. Irresistible to bass and snakeheads</p>,Beavercreek Lures,Uncategorized,Hollow body-Top Water,"bass, fishing, muskie, pike, topwater",true,Color,Black,,,,,,,,KS-BLACK-14,28.0,shopify,25,deny,manual,9.99,14.99,true,true,,,,,,https://cdn.shopify.com/s/files/1/0766/6768/3004/files/Black.jpg?v=1776136210,1,KILL SWITCH - Black,false,Kill Switch - Erratic Action Fishing Lure,"Premium fishing lure with deadly erratic action. Perfect for bass, pike, and muskie.",,,https://cdn.shopify.com/s/files/1/0766/6768/3004/files/Black.jpg?v=1776136210,g,,6.00,active
kill-switch,,,,,,,,,Black & White,,,,,,,,KS-BLACKWHITE-14,28.0,shopify,25,deny,manual,0.00,14.99,true,true,,,,,,https://cdn.shopify.com/s/files/1/0766/6768/3004/files/Black_White_7228beb0-0d9e-4d68-99b2-71a3f0874f1d.jpg?v=1776136211,2,KILL SWITCH - Black,,,,,,https://cdn.shopify.com/s/files/1/0766/6768/3004/files/Black_White_7228beb0-0d9e-4d68-99b2-71a3f0874f1d.jpg?v=1776136211,g,,6.00,
kill-switch,,,,,,,,,White,,,,,,,,KS-WHITE-14,28.0,shopify,25,deny,manual,9.99,14.99,true,true,,,,,,https://cdn.shopify.com/s/files/1/0766/6768/3004/files/White_86cb9fe5-7f1d-43d8-8dce-571493009a43.jpg?v=1776136210,3,KILL SWITCH - Black,,,,,,https://cdn.shopify.com/s/files/1/0766/6768/3004/files/White_86cb9fe5-7f1d-43d8-8dce-571493009a43.jpg?v=1776136210,g,,6.00,
meadow-mouse,MEADOW MOUSE,<p>Lifelike movement that fish can't resist. Mimics a swimming mouse with incredible realism. The Meadow Mouse is a proven producer for bass &amp; snakeheads in heavy vegetation.</p>,Beavercreek Lures,Uncategorized,Hollow body-Top Water,"bass, fishing, mouse, topwater",true,Color,America,,,,,,,,MM-AMERICA-14,28.0,shopify,25,deny,manual,9.99,14.99,true,true,,,,,,https://cdn.shopify.com/s/files/1/0766/6768/3004/files/America.jpg?v=1776136214,1,MEADOW MOUSE - America,false,Meadow Mouse - Realistic Mouse Lure,Ultra-realistic mouse lure for trophy bass. Deadly in heavy cover and lily pads.,,,https://cdn.shopify.com/s/files/1/0766/6768/3004/files/America.jpg?v=1776136214,g,,6.00,active
meadow-mouse,,,,,,,,,Black & Red,,,,,,,,MM-BLACKRED-14,28.0,shopify,25,deny,manual,9.99,14.99,true,true,,,,,,https://cdn.shopify.com/s/files/1/0766/6768/3004/files/Black_red.jpg?v=1776136213,2,MEADOW MOUSE - America,,,,,,https://cdn.shopify.com/s/files/1/0766/6768/3004/files/Black_red.jpg?v=1776136213,g,,6.00,
meadow-mouse,,,,,,,,,Pink,,,,,,,,MM-PINK-14,28.0,shopify,25,deny,manual,9.99,14.99,true,true,,,,,,https://cdn.shopify.com/s/files/1/0766/6768/3004/files/Pink.jpg?v=1776136213,3,MEADOW MOUSE - America,,,,,,https://cdn.shopify.com/s/files/1/0766/6768/3004/files/Pink.jpg?v=1776136213,g,,6.00,
meadow-mouse,,,,,,,,,Red & Black,,,,,,,,MM-REDBLACK-14,28.0,shopify,25,deny,manual,9.99,14.99,true,true,,,,,,https://cdn.shopify.com/s/files/1/0766/6768/3004/files/Red_Black.jpg?v=1776136213,4,MEADOW MOUSE - America,,,,,,https://cdn.shopify.com/s/files/1/0766/6768/3004/files/Red_Black.jpg?v=1776136213,g,,6.00,
meadow-mouse,,,,,,,,,White,,,,,,,,MM-WHITE-14,28.0,shopify,25,deny,manual,9.99,14.99,true,true,,,,,,https://cdn.shopify.com/s/files/1/0766/6768/3004/files/White_337f6496-2b12-4ac6-bf2b-93e0d32d84e4.jpg?v=1776136213,5,MEADOW MOUSE - America,,,,,,https://cdn.shopify.com/s/files/1/0766/6768/3004/files/White_337f6496-2b12-4ac6-bf2b-93e0d32d84e4.jpg?v=1776136213,g,,6.00,
meadow-mouse,,,,,,,,,Yellow & Orange,,,,,,,,MM-YELLOWORANGE-14,28.0,shopify,25,deny,manual,9.99,14.99,true,true,,,,,,https://cdn.shopify.com/s/files/1/0766/6768/3004/files/Yellow_orange.jpg?v=1776136213,6,MEADOW MOUSE - America,,,,,,https://cdn.shopify.com/s/files/1/0766/6768/3004/files/Yellow_orange.jpg?v=1776136213,g,,6.00,
riot-toad,RIOT TOAD,"<p>Creates chaos on the water surface. The Riot Toad's aggressive kicking action drives bass and snakeheads crazy. Perfect for fishing over grass, pads, and shallow structure.</p>",Beavercreek Lures,Uncategorized,Hollow body-Top Water,"bass, fishing, frog, toad, topwater",true,Color,Green & White,,Weight,1/4 oz,,,,,RT-GREENWHITE-14,28.0,shopify,25,deny,manual,9.99,14.99,true,true,,,,,,https://cdn.shopify.com/s/files/1/0766/6768/3004/files/Green_white.jpg?v=1776136214,1,RIOT TOAD - Green & White,false,Riot Toad - Aggressive Frog Lure,High-action frog lure that creates surface chaos. Proven bass catcher in heavy cover.,,,https://cdn.shopify.com/s/files/1/0766/6768/3004/files/Green_white.jpg?v=1776136214,g,,6.00,active
riot-toad,,,,,,,,,Green & White,,,3/8 oz,,,,,RT-GREENWHITE-38,28.0,shopify,25,deny,manual,9.99,14.99,true,true,,,,,,https://cdn.shopify.com/s/files/1/0766/6768/3004/files/Pink_Black_Green_White.jpg?v=1776136214,2,RIOT TOAD - Green & White,,,,,,https://cdn.shopify.com/s/files/1/0766/6768/3004/files/Green_white.jpg?v=1776136214,g,,6.00,
riot-toad,,,,,,,,,Green & White,,,1/2 oz,,,,,RT-GREENWHITE-12,28.0,shopify,25,deny,manual,9.99,14.99,true,true,,,,,,,,,,,,,,https://cdn.shopify.com/s/files/1/0766/6768/3004/files/Green_white.jpg?v=1776136214,g,,6.00,
riot-toad,,,,,,,,,Green & White,,,5/8 oz,,,,,RT-GREENWHITE-58,28.0,shopify,25,deny,manual,9.99,14.99,true,true,,,,,,,,,,,,,,https://cdn.shopify.com/s/files/1/0766/6768/3004/files/Green_white.jpg?v=1776136214,g,,6.00,
riot-toad,,,,,,,,,Green & White,,,3/4 oz,,,,,RT-GREENWHITE-34,28.0,shopify,25,deny,manual,9.99,14.99,true,true,,,,,,,,,,,,,,https://cdn.shopify.com/s/files/1/0766/6768/3004/files/Green_white.jpg?v=1776136214,g,,6.00,
riot-toad,,,,,,,,,Green & White,,,1 oz,,,,,RT-GREENWHITE-1,28.0,shopify,25,deny,manual,9.99,14.99,true,true,,,,,,,,,,,,,,https://cdn.shopify.com/s/files/1/0766/6768/3004/files/Green_white.jpg?v=1776136214,g,,6.00,
riot-toad,,,,,,,,,Green & White,,,1 1/4 oz,,,,,RT-GREENWHITE-114,28.0,shopify,25,deny,manual,9.99,14.99,true,true,,,,,,,,,,,,,,https://cdn.shopify.com/s/files/1/0766/6768/3004/files/Green_white.jpg?v=1776136214,g,,6.00,
riot-toad,,,,,,,,,Green & White,,,1 3/8 oz,,,,,RT-GREENWHITE-138,28.0,shopify,25,deny,manual,9.99,14.99,true,true,,,,,,,,,,,,,,https://cdn.shopify.com/s/files/1/0766/6768/3004/files/Green_white.jpg?v=1776136214,g,,6.00,
riot-toad,,,,,,,,,Pink Black Green White,,,1/4 oz,,,,,RT-PINKBLACKGREEN-14,28.0,shopify,25,deny,manual,9.99,14.99,true,true,,,,,,,,,,,,,,https://cdn.shopify.com/s/files/1/0766/6768/3004/files/Pink_Black_Green_White.jpg?v=1776136214,g,,6.00,
riot-toad,,,,,,,,,Pink Black Green White,,,3/8 oz,,,,,RT-PINKBLACKGREEN-38,28.0,shopify,25,deny,manual,9.99,14.99,true,true,,,,,,,,,,,,,,https://cdn.shopify.com/s/files/1/0766/6768/3004/files/Pink_Black_Green_White.jpg?v=1776136214,g,,6.00,
riot-toad,,,,,,,,,Pink Black Green White,,,1/2 oz,,,,,RT-PINKBLACKGREEN-12,28.0,shopify,25,deny,manual,9.99,14.99,true,true,,,,,,,,,,,,,,https://cdn.shopify.com/s/files/1/0766/6768/3004/files/Pink_Black_Green_White.jpg?v=1776136214,g,,6.00,
riot-toad,,,,,,,,,Pink Black Green White,,,5/8 oz,,,,,RT-PINKBLACKGREEN-58,28.0,shopify,25,deny,manual,9.99,14.99,true,true,,,,,,,,,,,,,,https://cdn.shopify.com/s/files/1/0766/6768/3004/files/Pink_Black_Green_White.jpg?v=1776136214,g,,6.00,
riot-toad,,,,,,,,,Pink Black Green White,,,3/4 oz,,,,,RT-PINKBLACKGREEN-34,28.0,shopify,25,deny,manual,9.99,14.99,true,true,,,,,,,,,,,,,,https://cdn.shopify.com/s/files/1/0766/6768/3004/files/Pink_Black_Green_White.jpg?v=1776136214,g,,6.00,
riot-toad,,,,,,,,,Pink Black Green White,,,1 oz,,,,,RT-PINKBLACKGREEN-1,28.0,shopify,25,deny,manual,9.99,14.99,true,true,,,,,,,,,,,,,,https://cdn.shopify.com/s/files/1/0766/6768/3004/files/Pink_Black_Green_White.jpg?v=1776136214,g,,6.00,
riot-toad,,,,,,,,,Pink Black Green White,,,1 1/4 oz,,,,,RT-PINKBLACKGREEN-114,28.0,shopify,25,deny,manual,9.99,14.99,true,true,,,,,,,,,,,,,,https://cdn.shopify.com/s/files/1/0766/6768/3004/files/Pink_Black_Green_White.jpg?v=1776136214,g,,6.00,
riot-toad,,,,,,,,,Pink Black Green White,,,1 3/8 oz,,,,,RT-PINKBLACKGREEN-138,28.0,shopify,25,deny,manual,9.99,14.99,true,true,,,,,,,,,,,,,,https://cdn.shopify.com/s/files/1/0766/6768/3004/files/Pink_Black_Green_White.jpg?v=1776136214,g,,6.00,
skull-dancer,SKULL DANCER,"",Beavercreek Lures,Uncategorized,Hollow body-Top Water,"bass, fishing, frog, plastic-baits, snakehead, topwater",true,Color,Blue & Yellow,,,,,,,,SD-BLUEYELLOW-38,28.0,shopify,25,continue,manual,6.99,14.99,true,true,,,,,,https://cdn.shopify.com/s/files/1/0766/6768/3004/files/Blue_yellow_topview.png?v=1776136222,1,SKULL DANCER - Blue & Yellow,false,SKULL DANCER - Beavercreek Lures,New lure coming soon from Beavercreek Lures.,,,https://cdn.shopify.com/s/files/1/0766/6768/3004/files/Blue_yellow.png?v=1776136223,g,,6.00,active
skull-dancer,,,,,,,,,,,,,,,,,,,,,,,,,,,,,,,,https://cdn.shopify.com/s/files/1/0766/6768/3004/files/Blue_yellow.png?v=1776136223,2,SKULL DANCER - Blue & Yellow,,,,,,,,,,
skull-dancer,,,,,,,,,,,,,,,,,,,,,,,,,,,,,,,,https://cdn.shopify.com/s/files/1/0766/6768/3004/files/Multiple.png?v=1776136222,3,SKULL DANCER - Blue & Yellow,,,,,,,,,,
slip-fang,SLIP FANG,<p>Slithers through cover like a snake. The Slip Fang navigates through the thickest vegetation with ease. Its serpentine action is irresistible to bass and snakeheads.</p>,Beavercreek Lures,Uncategorized,Hollow body-Top Water,"bass, fishing, snake, snakehead, topwater",true,Color,Blue & Black,,,,,,,,SF-BLUEBLACK-14,28.0,shopify,25,deny,manual,9.99,14.99,true,true,,,,,,https://cdn.shopify.com/s/files/1/0766/6768/3004/files/Blue_Black.jpg?v=1776136220,1,SLIP FANG - Blue & Black,false,Slip Fang - Snake Pattern Lure,Slithers through heavy cover with deadly snake-like action. Trophy bass and snakehead killer.,,,https://cdn.shopify.com/s/files/1/0766/6768/3004/files/Blue_Black.jpg?v=1776136220,g,,6.00,active
slip-fang,,,,,,,,,Orange & Green,,,,,,,,SF-ORANGEGREEN-14,28.0,shopify,25,deny,manual,9.99,14.99,true,true,,,,,,https://cdn.shopify.com/s/files/1/0766/6768/3004/files/Orange_green_951251f6-b380-4b76-860a-5775e81e00f2.jpg?v=1776136220,2,SLIP FANG - Blue & Black,,,,,,https://cdn.shopify.com/s/files/1/0766/6768/3004/files/Orange_green_951251f6-b380-4b76-860a-5775e81e00f2.jpg?v=1776136220,g,,6.00,
slip-fang,,,,,,,,,Pink & Purple,,,,,,,,SF-PINKPURPLE-14,28.0,shopify,25,deny,manual,9.99,14.99,true,true,,,,,,https://cdn.shopify.com/s/files/1/0766/6768/3004/files/Pink_Purple.jpg?v=1776136220,3,SLIP FANG - Blue & Black,,,,,,https://cdn.shopify.com/s/files/1/0766/6768/3004/files/Pink_Purple.jpg?v=1776136220,g,,6.00,
slip-fang,,,,,,,,,Yellow & Red,,,,,,,,SF-YELLOWRED-14,28.0,shopify,25,deny,manual,9.99,14.99,true,true,,,,,,https://cdn.shopify.com/s/files/1/0766/6768/3004/files/Yellow_Red_571e4924-e2c4-4180-b6bc-b606fb772a9c.jpg?v=1776136220,4,SLIP FANG - Blue & Black,,,,,,https://cdn.shopify.com/s/files/1/0766/6768/3004/files/Yellow_Red_571e4924-e2c4-4180-b6bc-b606fb772a9c.jpg?v=1776136220,g,,6.00,
111,Sub-surface01,"",My Store,Uncategorized,Sub-Surface,"",true,Title,Default Title,,,,,,,,,0.0,shopify,0,deny,manual,0.00,,true,true,,,,,,https://cdn.shopify.com/s/files/1/0766/6768/3004/files/3C1B32D0-789B-4606-A02A-0D8D38EA6FD1.png?v=1776218742,1,"",false,,,,,,lb,,,active
sub-surface02,Sub-surface02,<p>unskirted weedless channa chatter for fishing soft plastics</p>,My Store,Uncategorized,Sub-Surface,"",true,Title,Default Title,,,,,,,,,0.0,shopify,0,deny,manual,0.00,,true,true,,,,,,https://cdn.shopify.com/s/files/1/0766/6768/3004/files/4D4FC6CB-5589-422C-8AE7-D4700942862E.png?v=1776218742,1,"",false,,,,,,lb,,,active
test,Test,"",My Store,Uncategorized,Saltwater,"",false,Title,Default Title,,,,,,,,,0.0,shopify,0,deny,manual,0.00,,true,true,,,,,"",,,,false,,,,,,lb,,,unlisted
toxic-toad,TOXIC TOAD,<p>Vibrant colors and irresistible action. Eye-catching color patterns combined with deadly action. The Toxic Toad excels in stained water and low-light conditions.</p>,Beavercreek Lures,Uncategorized,Hollow body-Top Water,"bass, fishing, frog, toad, topwater",true,Color,Blue Skin,,,,,,,,TT-BLUESKIN-14,28.0,shopify,25,deny,manual,9.99,14.99,true,true,,,,,,https://cdn.shopify.com/s/files/1/0766/6768/3004/files/Blue_Skin.jpg?v=1776136218,1,TOXIC TOAD - Blue Skin,false,Toxic Toad - Vibrant Frog Lure,Bold colors and proven action. Perfect for murky water and aggressive bass.,,,https://cdn.shopify.com/s/files/1/0766/6768/3004/files/Blue_Skin.jpg?v=1776136218,g,,6.00,active
toxic-toad,,,,,,,,,Pink & Black,,,,,,,,TT-PINKBLACK-14,28.0,shopify,25,deny,manual,9.99,14.99,true,true,,,,,,https://cdn.shopify.com/s/files/1/0766/6768/3004/files/Pink_Black.jpg?v=1776136218,2,TOXIC TOAD - Blue Skin,,,,,,https://cdn.shopify.com/s/files/1/0766/6768/3004/files/Pink_Black.jpg?v=1776136218,g,,6.00,
toxic-toad,,,,,,,,,Pink Snake,,,,,,,,TT-PINKSNAKE-14,28.0,shopify,25,deny,manual,9.99,14.99,true,true,,,,,,https://cdn.shopify.com/s/files/1/0766/6768/3004/files/Pink_Snake.jpg?v=1776136218,3,TOXIC TOAD - Blue Skin,,,,,,https://cdn.shopify.com/s/files/1/0766/6768/3004/files/Pink_Snake.jpg?v=1776136218,g,,6.00,
toxic-toad,,,,,,,,,Pink & Yellow,,,,,,,,TT-PINKYELLOW-14,28.0,shopify,25,deny,manual,9.99,14.99,true,true,,,,,,https://cdn.shopify.com/s/files/1/0766/6768/3004/files/Pink_Yellow.jpg?v=1776136218,4,TOXIC TOAD - Blue Skin,,,,,,https://cdn.shopify.com/s/files/1/0766/6768/3004/files/Pink_Yellow.jpg?v=1776136218,g,,6.00,
toxic-toad,,,,,,,,,Purple & Black,,,,,,,,TT-PURPLEBLACK-14,28.0,shopify,25,deny,manual,9.99,14.99,true,true,,,,,,https://cdn.shopify.com/s/files/1/0766/6768/3004/files/Purple_Black.png?v=1776136219,5,TOXIC TOAD - Blue Skin,,,,,,https://cdn.shopify.com/s/files/1/0766/6768/3004/files/Purple_Black.png?v=1776136219,g,,6.00,
toxic-toad,,,,,,,,,Purple & Blue,,,,,,,,TT-PURPLEBLUE-14,28.0,shopify,25,deny,manual,9.99,14.99,true,true,,,,,,https://cdn.shopify.com/s/files/1/0766/6768/3004/files/Purple_Blue.jpg?v=1776136218,6,TOXIC TOAD - Blue Skin,,,,,,https://cdn.shopify.com/s/files/1/0766/6768/3004/files/Purple_Blue.jpg?v=1776136218,g,,6.00,
toxic-toad,,,,,,,,,Red & Black,,,,,,,,TT-REDBLACK-14,28.0,shopify,25,deny,manual,9.99,14.99,true,true,,,,,,https://cdn.shopify.com/s/files/1/0766/6768/3004/files/Red_Black_4ef62687-a6d9-4904-a415-6d5e29fa3766.jpg?v=1776136218,7,TOXIC TOAD - Blue Skin,,,,,,https://cdn.shopify.com/s/files/1/0766/6768/3004/files/Red_Black_4ef62687-a6d9-4904-a415-6d5e29fa3766.jpg?v=1776136218,g,,6.00,
toxic-toad,,,,,,,,,Snake Skin,,,,,,,,TT-SNAKESKIN-14,28.0,shopify,25,deny,manual,9.99,14.99,true,true,,,,,,https://cdn.shopify.com/s/files/1/0766/6768/3004/files/Snake_Skin.jpg?v=1776136219,8,TOXIC TOAD - Blue Skin,,,,,,https://cdn.shopify.com/s/files/1/0766/6768/3004/files/Snake_Skin.jpg?v=1776136219,g,,6.00,
toxic-toad,,,,,,,,,White & Green,,,,,,,,TT-WHITEGREEN-14,28.0,shopify,25,deny,manual,9.99,14.99,true,true,,,,,,https://cdn.shopify.com/s/files/1/0766/6768/3004/files/White_Green.jpg?v=1776136218,9,TOXIC TOAD - Pink & Black,,,,,,https://cdn.shopify.com/s/files/1/0766/6768/3004/files/White_Green.jpg?v=1776136218,g,,6.00,
toxic-toad,,,,,,,,,White & Grey,,,,,,,,TT-WHITEGREY-14,28.0,shopify,25,deny,manual,9.99,14.99,true,true,,,,,,https://cdn.shopify.com/s/files/1/0766/6768/3004/files/White_Grey.jpg?v=1776136218,10,TOXIC TOAD - Pink & Black,,,,,,https://cdn.shopify.com/s/files/1/0766/6768/3004/files/White_Grey.jpg?v=1776136218,g,,6.00,
toxic-toad,,,,,,,,,Yellow & Green,,,,,,,,TT-YELLOWGREEN-14,28.0,shopify,25,deny,manual,9.99,14.99,true,true,,,,,,https://cdn.shopify.com/s/files/1/0766/6768/3004/files/Yellow_Green.jpg?v=1776136218,11,TOXIC TOAD - Pink & Black,,,,,,https://cdn.shopify.com/s/files/1/0766/6768/3004/files/Yellow_Green.jpg?v=1776136218,g,,6.00,
toxic-toad-cameo,TOXIC TOAD CAMO,"<p>Topwater hollow body frog</p>
<p>6cm</p>
<p>5/0 heavy duty hook</p>
<p>old school camo</p>
<p>pink camo</p>
<p>snow camo</p>
<p>purple camo</p>",Beavercreek Lures,Uncategorized,Hollow body-Top Water,"fishing, frog, toad, topwater",true,Color,Old school duck camo,,Weight,Around 1/2 oz,,,,,TTC-GREYWHITE-14,28.0,shopify,25,continue,manual,9.99,14.99,true,true,,,,,,https://cdn.shopify.com/s/files/1/0766/6768/3004/files/Bunch.jpg?v=1776136224,1,TOXIC TOAD CAMEO - Grey & White,false,TOXIC TOAD CAMEO - Beavercreek Lures,New lure coming soon from Beavercreek Lures.,,,https://cdn.shopify.com/s/files/1/0766/6768/3004/files/Grey_White.jpg?v=1776136225,g,,6.00,active
toxic-toad-cameo,,,,,,,,,Pink camo,,,Around 1/2 oz,,,,,TTC-GREYWHITE-14,28.0,shopify,0,continue,manual,9.99,14.99,true,true,,,,,,https://cdn.shopify.com/s/files/1/0766/6768/3004/files/Grey_White.jpg?v=1776136225,2,TOXIC TOAD CAMEO - Grey & White,,,,,,,g,,6.00,
toxic-toad-cameo,,,,,,,,,Snow camo,,,Around 1/2 oz,,,,,TTC-GREYWHITE-22,28.0,shopify,2,continue,manual,9.99,14.99,true,true,,,,,,https://cdn.shopify.com/s/files/1/0766/6768/3004/files/Pink_Black_6fa528bb-3d92-4588-92cf-d09f80c4840d.jpg?v=1776136224,3,TOXIC TOAD CAMEO - Grey & White,,,,,,,g,,6.00,
toxic-toad-cameo,,,,,,,,,Purple camo,,,Around 1/2 oz,,,,,TTC-GREYWHITE-30,28.0,shopify,0,continue,manual,9.99,14.99,true,true,,,,,,https://cdn.shopify.com/s/files/1/0766/6768/3004/files/Promo.jpg?v=1776136224,4,TOXIC TOAD CAMEO - Grey & White,,,,,,,g,,6.00,
toxic-toad-cameo,,,,,,,,,,,,,,,,,,,,,,,,,,,,,,,,https://cdn.shopify.com/s/files/1/0766/6768/3004/files/Purple_Black_1245c076-0427-422e-bdea-60bc877613a4.png?v=1776136224,5,TOXIC TOAD CAMEO - Grey & White,,,,,,,,,,
toxic-toad-cameo,,,,,,,,,,,,,,,,,,,,,,,,,,,,,,,,https://cdn.shopify.com/s/files/1/0766/6768/3004/files/Varity.jpg?v=1776136224,6,TOXIC TOAD CAMEO - Grey & White,,,,,,,,,,
toxic-toad-cameo,,,,,,,,,,,,,,,,,,,,,,,,,,,,,,,,https://cdn.shopify.com/s/files/1/0766/6768/3004/files/Yellow_Green_40cb6519-63c7-4075-af00-928f83d4a82c.jpg?v=1776136224,7,TOXIC TOAD CAMEO - Grey & White,,,,,,,,,,
untitled-apr15_12-23,Untitled Apr15_12:23,,My Store,,"","",false,Title,Default Title,,,,,,,,,0.0,shopify,0,deny,manual,0.00,,true,true,,,,,,,,,false,,,,,,lb,,,draft
weedless-channa-chatter,Weedless Channa chatter,"",My Store,Uncategorized,Sub-Surface,"",true,Title,Default Title,,,,,,,,,0.0,shopify,0,deny,manual,8.99,,true,true,,,,,,https://cdn.shopify.com/s/files/1/0766/6768/3004/files/IMG-1337.png?v=1776270164,1,"",false,,,,,,lb,,,active
weedless-channa-chatter,,,,,,,,,,,,,,,,,,,,,,,,,,,,,,,,https://cdn.shopify.com/s/files/1/0766/6768/3004/files/IMG-1336.png?v=1776270164,2,"",,,,,,,,,,
